Holder_ID,Holder_Type,Holder_Name,Residency_Country,Currency,Holder_Status,DRP_Flag,Holder_Reference_Type,Holder_Reference_Number,Communication Preference,Holder_Category,Initial_Allocation_Flag,Holder_ID
H0001,INDIVIDUAL,James Walker,AU,AUD,ACTIVE,Y,HIN,X000000002,EMAIL,RETAIL,N,H0001
H0002,INDIVIDUAL,Olivia Bennett,NZ,NZD,CLOSED,N,SRN,I000000003,POST,RETAIL,N,H0002
H0003,INDIVIDUAL,Ethan Collins,SG,SGD,SUSPENDED,Y,HIN,X000000004,EMAIL,RETAIL,N,H0003
H0004,INDIVIDUAL,Chloe Turner,UK,GBP,DECEASED,N,SRN,I000000005,POST,RETAIL,N,H0004
H0005,INDIVIDUAL,Liam Parker,US,USD,DORMANT,Y,HIN,X000000006,EMAIL,RETAIL,N,H0005
H0006,INDIVIDUAL,Grace Wilson,AU,AUD,ACTIVE,N,SRN,I000000007,POST,RETAIL,N,H0006
H0007,INDIVIDUAL,Noah Harris,NZ,NZD,CLOSED,Y,HIN,X000000008,EMAIL,RETAIL,N,H0007
H0008,INDIVIDUAL,Ava Mitchell,SG,SGD,SUSPENDED,N,SRN,I000000009,POST,RETAIL,N,H0008
H0009,INDIVIDUAL,Mason Cooper,UK,GBP,DECEASED,Y,HIN,X000000010,EMAIL,RETAIL,N,H0009
H0010,INDIVIDUAL,Sophia Brooks,US,USD,DORMANT,N,SRN,I000000011,POST,RETAIL,N,H0010
H0011,INDIVIDUAL,Lucas Reed,AU,AUD,ACTIVE,Y,HIN,X000000012,EMAIL,RETAIL,N,H0011
H0012,INDIVIDUAL,Amelia Foster,NZ,NZD,CLOSED,N,SRN,I000000013,POST,RETAIL,N,H0012
H0013,INDIVIDUAL,Henry Price,SG,SGD,SUSPENDED,Y,HIN,X000000014,EMAIL,RETAIL,N,H0013
H0014,INDIVIDUAL,Ella Simmons,UK,GBP,DECEASED,Y,SRN,I000000015,POST,RETAIL,N,H0014
H0015,INDIVIDUAL,Jack Morgan,US,USD,DORMANT,Y,HIN,X000000016,EMAIL,RETAIL,N,H0015
H0016,INDIVIDUAL,Lily Ward,AU,AUD,ACTIVE,N,SRN,I000000017,POST,RETAIL,N,H0016
H0017,INDIVIDUAL,Benjamin Hayes,NZ,NZD,CLOSED,Y,HIN,X000000018,EMAIL,RETAIL,N,H0017
H0018,INDIVIDUAL,Zoe Richardson,SG,SGD,SUSPENDED,N,SRN,I000000019,POST,RETAIL,N,H0018
H0019,INDIVIDUAL,Alexander Murphy,UK,GBP,DECEASED,Y,HIN,X000000020,EMAIL,RETAIL,N,H0019
H0020,INDIVIDUAL,Mia Jenkins,US,USD,DORMANT,N,SRN,I000000021,POST,RETAIL,N,H0020
H0021,INDIVIDUAL,Samuel Peterson,AU,AUD,ACTIVE,Y,HIN,X000000022,EMAIL,RETAIL,N,H0021
H0022,INDIVIDUAL,Charlotte Bailey,NZ,NZD,CLOSED,N,SRN,I000000023,POST,RETAIL,N,H0022
H0023,INDIVIDUAL,Daniel Hughes,SG,SGD,SUSPENDED,Y,HIN,X000000024,EMAIL,RETAIL,N,H0023
H0024,INDIVIDUAL,Emily Ross,UK,GBP,DECEASED,N,SRN,I000000025,POST,RETAIL,N,H0024
H0025,INDIVIDUAL,Matthew Long,US,USD,DORMANT,Y,HIN,X000000026,EMAIL,RETAIL,N,H0025
H0026,INDIVIDUAL,Harper Kelly,AU,AUD,ACTIVE,N,SRN,I000000027,POST,RETAIL,N,H0026
H0027,INDIVIDUAL,Jacob Perry,NZ,NZD,CLOSED,Y,HIN,X000000028,EMAIL,RETAIL,N,H0027
H0028,INDIVIDUAL,Scarlett Powell,SG,SGD,SUSPENDED,N,SRN,I000000029,POST,RETAIL,N,H0028
H0029,INDIVIDUAL,William Foster,UK,GBP,DECEASED,Y,HIN,X000000030,EMAIL,RETAIL,N,H0029
H0030,INDIVIDUAL,Isla Bryant,US,USD,DORMANT,N,SRN,I000000031,POST,RETAIL,N,H0030
H0031,INDIVIDUAL,Nathan Coleman,AU,AUD,ACTIVE,Y,HIN,X000000032,EMAIL,RETAIL,N,H0031
H0032,INDIVIDUAL,Hannah Fisher,NZ,NZD,CLOSED,N,SRN,I000000033,POST,RETAIL,N,H0032
H0033,INDIVIDUAL,Ryan Butler,SG,SGD,SUSPENDED,Y,HIN,X000000034,EMAIL,RETAIL,N,H0033
H0034,INDIVIDUAL,Madison Griffin,UK,GBP,DECEASED,N,SRN,I000000035,POST,RETAIL,N,H0034
H0035,INDIVIDUAL,Caleb Simmons,US,USD,DORMANT,Y,HIN,X000000036,EMAIL,RETAIL,N,H0035
H0036,INDIVIDUAL,Victoria Howard,AU,AUD,ACTIVE,N,SRN,I000000037,POST,RETAIL,N,H0036
H0037,INDIVIDUAL,Dylan Price,NZ,NZD,CLOSED,Y,HIN,X000000038,EMAIL,RETAIL,N,H0037
H0038,INDIVIDUAL,Abigail Barnes,SG,SGD,SUSPENDED,N,SRN,I000000039,POST,RETAIL,N,H0038
H0039,INDIVIDUAL,Thomas Cooper,UK,GBP,DECEASED,Y,HIN,X000000040,EMAIL,RETAIL,N,H0039
H0040,INDIVIDUAL,Layla Bennett,US,USD,DORMANT,N,SRN,I000000041,POST,RETAIL,N,H0040
H0041,INDIVIDUAL,Andrew Murphy,AU,AUD,ACTIVE,Y,HIN,X000000042,EMAIL,RETAIL,N,H0041
H0042,INDIVIDUAL,Stella Hayes,NZ,NZD,CLOSED,N,SRN,I000000043,POST,RETAIL,N,H0042
H0043,INDIVIDUAL,Joshua Reed,SG,SGD,SUSPENDED,Y,HIN,X000000044,EMAIL,RETAIL,N,H0043
H0044,INDIVIDUAL,Ruby Collins,UK,GBP,DECEASED,N,SRN,I000000045,POST,RETAIL,N,H0044
H0045,INDIVIDUAL,Isaac Ward,US,USD,DORMANT,Y,HIN,X000000046,EMAIL,RETAIL,N,H0045
H0046,INDIVIDUAL,Sophie Turner,AU,AUD,ACTIVE,N,SRN,I000000047,POST,RETAIL,N,H0046
H0047,INDIVIDUAL,Connor Jenkins,NZ,NZD,CLOSED,Y,HIN,X000000048,EMAIL,RETAIL,N,H0047
H0048,INDIVIDUAL,Eva Brooks,SG,SGD,SUSPENDED,N,SRN,I000000049,POST,RETAIL,N,H0048
H0049,INDIVIDUAL,Aaron Mitchell,UK,GBP,DECEASED,Y,HIN,X000000050,EMAIL,RETAIL,N,H0049
H0050,INDIVIDUAL,Lucy Carter,US,USD,DORMANT,N,SRN,I000000051,POST,RETAIL,N,H0050
H0051,INDIVIDUAL,Leo Richardson,AU,AUD,ACTIVE,Y,HIN,X000000052,EMAIL,RETAIL,N,H0051
H0052,INDIVIDUAL,Georgia Harris,NZ,NZD,CLOSED,N,SRN,I000000053,POST,RETAIL,N,H0052
H0053,INDIVIDUAL,Adam Bailey,SG,SGD,SUSPENDED,Y,HIN,X000000054,EMAIL,RETAIL,N,H0053
H0054,INDIVIDUAL,Claire Morgan,UK,GBP,DECEASED,N,SRN,I000000055,POST,RETAIL,N,H0054
H0055,INDIVIDUAL,Jordan Ross,US,USD,DORMANT,Y,HIN,X000000056,EMAIL,RETAIL,N,H0055
H0056,INDIVIDUAL,Isabelle Kelly,AU,AUD,ACTIVE,N,SRN,I000000057,POST,RETAIL,N,H0056
H0057,INDIVIDUAL,Tyler Perry,NZ,NZD,CLOSED,Y,HIN,X000000058,EMAIL,RETAIL,N,H0057
H0058,INDIVIDUAL,Brooke Hughes,SG,SGD,SUSPENDED,N,SRN,I000000059,POST,RETAIL,N,H0058
H0059,INDIVIDUAL,Nathan Foster,UK,GBP,DECEASED,Y,HIN,X000000060,EMAIL,RETAIL,N,H0059
H0060,INDIVIDUAL,Sarah Coleman,US,USD,DORMANT,N,SRN,I000000061,POST,RETAIL,N,H0060
H0061,JOINT,Michael & Sarah Lee,AU,AUD,ACTIVE,Y,HIN,X000000062,EMAIL,RETAIL,N,H0061
H0062,JOINT,Daniel & Emma Carter,NZ,NZD,CLOSED,N,SRN,I000000063,POST,RETAIL,N,H0062
H0063,JOINT,Liam & Grace Wilson,SG,SGD,SUSPENDED,Y,HIN,X000000064,EMAIL,RETAIL,N,H0063
H0064,JOINT,Noah & Chloe Turner,UK,GBP,DECEASED,N,SRN,I000000065,POST,RETAIL,N,H0064
H0065,JOINT,Ethan & Olivia Brooks,US,USD,DORMANT,Y,HIN,X000000066,EMAIL,RETAIL,N,H0065
H0066,JOINT,Henry & Amelia Foster,AU,AUD,ACTIVE,N,SRN,I000000067,POST,RETAIL,N,H0066
H0067,JOINT,Benjamin & Zoe Richardson,NZ,NZD,CLOSED,Y,HIN,X000000068,EMAIL,RETAIL,N,H0067
H0068,JOINT,Mason & Ava Mitchell,SG,SGD,SUSPENDED,N,SRN,I000000069,POST,RETAIL,N,H0068
H0069,JOINT,Lucas & Ella Simmons,UK,GBP,DECEASED,Y,HIN,X000000070,EMAIL,RETAIL,N,H0069
H0070,JOINT,Samuel & Charlotte Bailey,US,USD,DORMANT,N,SRN,I000000071,POST,RETAIL,N,H0070
H0071,JOINT,William & Isla Bryant,AU,AUD,ACTIVE,Y,HIN,X000000072,EMAIL,RETAIL,N,H0071
H0072,JOINT,Thomas & Layla Bennett,NZ,NZD,CLOSED,N,SRN,I000000073,POST,RETAIL,N,H0072
H0073,JOINT,Joshua & Ruby Collins,SG,SGD,SUSPENDED,Y,HIN,X000000074,EMAIL,RETAIL,N,H0073
H0074,JOINT,Connor & Lucy Carter,UK,GBP,DECEASED,N,SRN,I000000075,POST,RETAIL,N,H0074
H0075,JOINT,Leo & Georgia Harris,US,USD,DORMANT,Y,HIN,X000000076,EMAIL,RETAIL,N,H0075
H0076,SMSF,Walker Super Fund,AU,AUD,ACTIVE,N,SRN,I000000077,POST,RETAIL,N,H0076
H0077,SMSF,Bennett SMSF,NZ,NZD,CLOSED,Y,HIN,X000000078,EMAIL,RETAIL,N,H0077
H0078,SMSF,Horizon Super Fund,SG,SGD,SUSPENDED,N,SRN,I000000079,POST,RETAIL,N,H0078
H0079,SMSF,Wilson Retirement Fund,UK,GBP,DECEASED,Y,HIN,X000000080,EMAIL,RETAIL,N,H0079
H0080,SMSF,Riverstone SMSF,US,USD,DORMANT,N,SRN,I000000081,POST,RETAIL,N,H0080
H0081,SMSF,Foster Superannuation Fund,AU,AUD,ACTIVE,Y,HIN,X000000082,EMAIL,RETAIL,N,H0081
H0082,SMSF,Collins SMSF,NZ,NZD,CLOSED,N,SRN,I000000083,POST,RETAIL,N,H0082
H0083,SMSF,Mitchell Retirement Fund,SG,SGD,SUSPENDED,Y,HIN,X000000084,EMAIL,RETAIL,N,H0083
H0084,SMSF,Brooks Super Fund,UK,GBP,DECEASED,N,SRN,I000000085,POST,RETAIL,N,H0084
H0085,SMSF,Summit SMSF,US,USD,DORMANT,Y,HIN,X000000086,EMAIL,RETAIL,N,H0085
H0086,SMSF,Turner Super Fund,AU,AUD,ACTIVE,N,SRN,I000000087,POST,RETAIL,N,H0086
H0087,SMSF,Bailey Retirement Fund,NZ,NZD,CLOSED,Y,HIN,X000000088,EMAIL,RETAIL,N,H0087
H0088,SMSF,Aurora SMSF,SG,SGD,SUSPENDED,N,SRN,I000000089,POST,RETAIL,N,H0088
H0089,SMSF,Morgan Super Fund,UK,GBP,DECEASED,Y,HIN,X000000090,EMAIL,RETAIL,N,H0089
H0090,SMSF,Southern Coast SMSF,US,USD,DORMANT,N,SRN,I000000091,POST,RETAIL,N,H0090
H0091,TRUST,Bennett Family Trust,AU,AUD,ACTIVE,Y,HIN,X000000092,EMAIL,RETAIL,N,H0091
H0092,TRUST,Riverstone Investment Trust,NZ,NZD,CLOSED,N,SRN,I000000093,POST,RETAIL,N,H0092
H0093,TRUST,Bluegum Family Trust,SG,SGD,SUSPENDED,Y,HIN,X000000094,EMAIL,RETAIL,N,H0093
H0094,TRUST,Southern Coast Trust,UK,GBP,DECEASED,N,SRN,I000000095,POST,RETAIL,N,H0094
H0095,TRUST,Walker Holdings Trust,US,USD,DORMANT,Y,HIN,X000000096,EMAIL,RETAIL,N,H0095
H0096,TRUST,Early Investors Trust,AU,AUD,ACTIVE,N,SRN,I000000097,POST,INSTITUTIONAL,Y,H0096
H0097,TRUST,Collins Family Trust,NZ,NZD,CLOSED,Y,HIN,X000000098,EMAIL,RETAIL,N,H0097
H0098,FUND,Founder Holdings Pty Ltd,AU,AUD,ACTIVE,N,SRN,I000000099,POST,FOUNDATION,Y,H0098
H0099,FUND,Aurora Asset Management Pty Ltd,UK,GBP,DECEASED,Y,HIN,X000000100,EMAIL,RETAIL,N,H0099
H0100,FUND,Ironwood Investments Pty Ltd,US,USD,DORMANT,N,SRN,I000000101,POST,RETAIL,N,H0100
